"a","b","a_star","b_star","c_star","d_star"
1,4,1.14824924556003,2.07822709711051,0.914934045411621,2.08846637956229
0.5,0.5,0.594922166491405,0.297736205654609,0.88826058380698,1.45914028142027
1,1,1.47056562443085,0.649159042604107,0.789177946141602,1.67471317525217
4,4,7.43539831267953,2.71229621201215,0.73172790028194,1.63245571554673
4,1,7.56534549334813,0.707074966787047,0.686056442595509,1.5147014471085
