"prior","BS","BS_se","BCE","BCE_se"
"Horseshoe",0.399913793530104,0.0202328537993126,4.94510092292596,0.392056156474858
"Beta(1,5)",0.467439457795326,0.0193315662497112,8.61626602576281,0.466623803085824
"Beta(1,10)",0.477405806904449,0.0168197862664973,9.52095969222365,0.521498001844267
"Beta(1,20)",0.481064583924511,0.0170620672634134,9.83657007929695,0.497886034007322
"Beta(1,30)",0.430080268033957,0.0197440824532307,9.19299936630087,0.613545264794442
